"Cawuk","Tarihoran","sabriaryani@perum.edu","Jalan Jakarta  No. 7Semarang, Nusa Tenggara Timur 28595","2018-08-10T20:48:35.506000Z"
"Darmaji","Januar","jwahyudin@yahoo.com","Gang Soekarno Hatta No. 27Payakumbuh, Maluku Utara 64203","2018-06-17T19:31:04.314000Z"
"Bahuraksa","Mansur","zulfaharyanti@pd.sch.id","Jl. Raya Ujungberung No. 2Palembang, Maluku Utara 46492","2018-10-28T11:20:50.360000Z"
"Among","Simanjuntak","kusuma67@perum.id","Jalan Cikutra Timur No. 03Tanjungpinang, Papua Barat 96896","2018-10-26T00:47:32.831000Z"
"Calista","Najmudin","gastiutama@gmail.com","Jalan Asia Afrika No. 589Kota Administrasi Jakarta Timur, Bengkulu 92525","2018-12-14T17:09:49.514000Z"
"Irsad","Najmudin","solehnovitasari@yahoo.com","Lorong Setiabudhi No. 727Padangpanjang, Kalimantan Timur 73667","2018-03-31T02:23:41.353000Z"
"Paramita","Widodo","pranowohadi@gmail.com","Gang Abdul Muis  No. 2Serang, Sumsel 95938","2018-12-17T04:48:40.470000Z"
"Samiah","Maryati","drajatwinarsih@cv.my.id","Gang Raya Ujungberung No. 25Mojokerto, Kalut 34157","2018-03-10T23:52:04.731000Z"
"Betania","Nashiruddin","kajenhastuti@perum.edu","Jalan Kebonjati No. 268Banjarbaru, DIY 13959","2018-09-23T09:49:53.470000Z"
"Luwes","Budiyanto","ywibowo@pt.com","Jl. Soekarno Hatta No. 6Salatiga, Papua Barat 69942","2018-12-06T05:55:37.661000Z"
"Siska","Pertiwi","ipadmasari@pt.sch.id","Jl. Raya Setiabudhi No. 5Kupang, Sulbar 60655","2018-07-21T18:51:44.669000Z"
"Siska","Hardiansyah","hartatiwani@pd.net.id","Gg. Pelajar Pejuang No. 28Tangerang, Kepulauan Bangka Belitung 10390","2018-08-23T02:34:55.777000Z"
"Gada","Yolanda","yyolanda@pt.my.id","Lorong Siliwangi No. 9Sorong, Banten 21276","2018-03-13T22:16:58.230000Z"
"Cakrajiya","Puspita","johan43@cv.co.id","Lorong Laswi No. 337Sawahlunto, Sumut 17055","2018-12-20T07:38:23.410000Z"
"Mariadi","Mansur","leomangunsong@hotmail.com","Gang Astana Anyar No. 66Bitung, Aceh 25841","2018-05-24T10:27:57.333000Z"
"Lasmono","Sitorus","latuponohilda@hotmail.com","Jalan Jamika No. 6Tanjungpinang, Sulawesi Barat 52060","2018-07-16T19:01:25.198000Z"
"Agus","Hassanah","pbudiyanto@yahoo.com","Gang Cihampelas No. 19Banjarmasin, Aceh 99879","2018-12-23T02:30:49.313000Z"
"Syahrini","Hidayat","mumpuni68@ud.int","Jalan Dipatiukur No. 41Singkawang, Sulawesi Tenggara 93947","2018-11-30T04:06:49.459000Z"
"Karna","Setiawan","xwahyudin@pt.co.id","Lorong Cikutra Barat No. 6Madiun, Papua 29042","2018-04-28T18:44:26.803000Z"
"Dadap","Mayasari","maulanatira@perum.biz.id","Lr. Merdeka No. 103Malang, Kepri 96999","2018-03-21T01:53:49.518000Z"
"Mursinin","Waskita","cemetihasanah@gmail.com","Gang HOS. Cokroaminoto No. 232Kendari, Bengkulu 93253","2018-11-23T04:08:01.832000Z"
"Okta","Andriani","saptonotaufan@gmail.com","Lorong Cikapayang No. 6Tangerang Selatan, DIY 57910","2018-01-08T09:51:12.823000Z"
"Daniswara","Yuniar","fwibowo@yahoo.com","Gang HOS. Cokroaminoto No. 26Banjarbaru, NTB 95234","2018-06-19T05:59:20.796000Z"
"Reza","Wijayanti","lriyanti@pd.ac.id","Gang Astana Anyar No. 3Tangerang, Kalteng 63322","2018-08-15T03:12:25.934000Z"
"Asman","Pratiwi","indahmanullang@pd.ponpes.id","Jalan Laswi No. 80Sorong, Jawa Timur 88304","2018-04-27T19:43:01.782000Z"
"Gaiman","Pudjiastuti","ifasusanti@pd.net","Gg. Dr. Djunjunan No. 9Semarang, Kalimantan Tengah 56646","2018-05-12T09:30:06.478000Z"
"Fitria","Adriansyah","vanyasuryono@ud.desa.id","Gang Rajawali Timur No. 9Solok, Papua Barat 76475","2018-01-31T21:38:41.787000Z"
"Padmi","Purwanti","kamila86@hotmail.com","Jl. Gardujati No. 5Bontang, Sumsel 58372","2018-05-01T18:05:23.969000Z"
"Harsanto","Halimah","whariyah@pt.mil","Lr. Sukajadi No. 661Tual, Banten 37869","2018-12-04T17:07:18.347000Z"
"Kariman","Nababan","eadriansyah@gmail.com","Gg. Merdeka No. 707Kota Administrasi Jakarta Barat, Lampung 02694","2018-01-25T05:12:10.393000Z"
"Irwan","Puspita","amalia14@ud.go.id","Gg. Pacuan Kuda No. 827Sawahlunto, Kaltim 28055","2018-01-08T19:28:06.816000Z"
"Jaswadi","Pangestu","dariati66@gmail.com","Jalan Soekarno Hatta No. 3Binjai, Kalimantan Utara 80185","2018-05-18T12:38:41.574000Z"
"Embuh","Puspita","irnantolestari@hotmail.com","Lr. Cikutra Timur No. 533Banjarbaru, Kepri 79182","2018-08-11T08:02:06.198000Z"
"Bajragin","Marbun","harsanahidayanto@ud.net.id","Jl. Moch. Ramdan No. 96Gorontalo, Babel 44618","2018-11-08T20:23:35.738000Z"
"Tira","Widiastuti","prasetya59@cv.net.id","Gg. Siliwangi No. 8Mataram, DKI 37051","2018-11-11T20:14:16.111000Z"
"Liman","Aryani","sabarsafitri@hotmail.com","Lr. Gedebage Selatan No. 20Pangkalpinang, NTT 84201","2018-02-22T19:14:40.137000Z"
"Latika","Rajasa","titiwijayanti@gmail.com","Gang Dipenogoro No. 672Pematangsiantar, Gorontalo 75147","2018-11-23T03:44:30.574000Z"
"Anita","Laksmiwati","usyiusamah@ud.net","Lr. Cikapayang No. 49Manado, Kalimantan Utara 61107","2018-09-16T11:46:40.064000Z"
"Tugiman","Siregar","rsudiati@cv.desa.id","Jl. Raya Ujungberung No. 772Kota Administrasi Jakarta Pusat, Maluku Utara 71862","2018-04-27T23:59:26.016000Z"
"Diah","Gunawan","yancenapitupulu@ud.int","Jl. Veteran No. 1Tanjungpinang, Kepulauan Bangka Belitung 00671","2018-10-25T11:26:59.038000Z"
"Lukman","Ramadan","tsihombing@cv.sch.id","Jalan Tubagus Ismail No. 60Pekalongan, Sumatera Utara 85862","2018-01-07T16:21:26.335000Z"
"Vanya","Nasyidah","luwarwahyuni@ud.edu","Gang Rajawali Timur No. 3Palembang, Papbar 01248","2018-01-19T20:40:01.653000Z"
"Uda","Uwais","kuncara37@perum.org","Lr. Moch. Ramdan No. 2Tangerang Selatan, Kalimantan Barat 51059","2018-03-20T17:32:31.964000Z"
"Teguh","Dongoran","wacanazizi@gmail.com","Lorong Soekarno Hatta No. 723Pasuruan, Riau 21735","2018-09-12T19:20:59.696000Z"
"Eja","Najmudin","maimunah23@perum.desa.id","Gang Sukabumi No. 970Lhokseumawe, Sumatera Selatan 24696","2018-04-11T11:29:37.397000Z"
"Gangsar","Siregar","lutfanutama@ud.edu","Lr. Soekarno Hatta No. 609Ternate, Aceh 39576","2018-01-28T02:23:06.364000Z"
"Langgeng","Utama","ajeng26@pd.ac.id","Lr. BKR No. 7Dumai, Banten 20747","2018-04-16T07:04:12.790000Z"
"Jarwi","Saptono","maman86@ud.or.id","Lorong Pacuan Kuda No. 35Jayapura, Kalimantan Timur 63303","2018-06-14T16:33:02.076000Z"
"Eli","Sihombing","agustinasimon@perum.mil.id","Lr. Ciumbuleuit No. 42Kotamobagu, Jawa Tengah 39480","2018-09-21T22:14:29.667000Z"
"Hairyanto","Usada","halimzelaya@hotmail.com","Lorong W.R. Supratman No. 84Denpasar, Kepulauan Bangka Belitung 42838","2018-06-28T05:39:49.186000Z"
"Daruna","Oktaviani","patriciasuwarno@yahoo.com","Lr. Ciumbuleuit No. 558Kupang, Jabar 29174","2018-03-01T08:32:40.121000Z"
"Emong","Adriansyah","agustinaclara@yahoo.com","Gang BKR No. 895Jayapura, Kalimantan Utara 57260","2018-04-13T14:20:25.314000Z"
"Tami","Permadi","putrahendra@ud.mil","Gang Peta No. 2Banjarbaru, Babel 89953","2018-11-17T18:16:33.856000Z"
"Karen","Namaga","fitriani01@ud.my.id","Gang Rajawali Barat No. 82Surabaya, NTB 72667","2018-10-17T09:06:19.111000Z"
"Siska","Situmorang","adinatawacana@hotmail.com","Jalan Surapati No. 8Banjarmasin, Kalsel 57432","2018-04-13T07:28:32.579000Z"
"Azalea","Adriansyah","maheswarakasiyah@yahoo.com","Gg. Pasir Koja No. 3Kota Administrasi Jakarta Utara, Sulawesi Barat 59469","2018-08-29T23:46:59.330000Z"
"Lamar","Sitorus","kuswoyosidiq@hotmail.com","Jl. Gegerkalong Hilir No. 815Kotamobagu, Maluku Utara 54836","2018-07-05T13:54:41.371000Z"
"Ulya","Simanjuntak","lala23@hotmail.com","Jalan Soekarno Hatta No. 8Cilegon, DKI 95091","2018-07-20T15:32:16.714000Z"
"Humaira","Anggriawan","oktomandasari@ud.gov","Gang W.R. Supratman No. 65Cirebon, Kepulauan Bangka Belitung 58374","2018-06-15T20:01:08.120000Z"
"Lutfan","Hartati","nadiahutapea@pt.or.id","Gg. Soekarno Hatta No. 401Batam, Babel 57344","2018-01-01T16:35:17.629000Z"
"Oman","Pudjiastuti","qagustina@gmail.com","Jl. Raya Ujungberung No. 8Bandung, Kalsel 85743","2018-02-10T15:21:18.189000Z"
"Kani","Putra","zsihombing@yahoo.com","Lorong Pelajar Pejuang No. 628Palu, Kepri 16744","2018-01-15T12:05:14.645000Z"
"Aswani","Halim","qaryani@pd.sch.id","Jl. Kiaracondong No. 3Kendari, Bengkulu 97011","2018-07-16T22:01:12.456000Z"
"Hari","Haryanto","latika73@pd.mil","Jalan Jend. A. Yani No. 53Kota Administrasi Jakarta Timur, Kalut 15278","2018-12-09T11:14:54.632000Z"
"Cengkal","Mansur","ssihotang@gmail.com","Jalan Moch. Toha No. 82Palangkaraya, Papua 32326","2018-02-10T08:12:04.705000Z"
"Gantar","Safitri","jasmani52@hotmail.com","Gang Gedebage Selatan No. 560Probolinggo, Sumbar 92914","2018-11-28T09:20:37.452000Z"
"Hasna","Susanti","jarwadi79@pt.sch.id","Lorong K.H. Wahid Hasyim No. 0Jayapura, Bali 14427","2018-05-11T08:52:46.602000Z"
"Chandra","Hidayanto","reza36@perum.co.id","Jl. Rumah Sakit No. 1Tegal, Papua 56665","2018-01-01T16:58:06.120000Z"
"Rahmi","Nurdiyanti","puji24@ud.sch.id","Jl. W.R. Supratman No. 735Balikpapan, Bali 73167","2018-10-20T16:30:22.856000Z"
"Hendri","Ardianto","gambirasantoso@hotmail.com","Lorong Kebonjati No. 581Salatiga, Papua 14108","2018-09-14T20:27:23.549000Z"
"Umi","Megantara","suartinicakrawangsa@hotmail.com","Gg. Cihampelas No. 049Metro, DIY 08790","2018-11-28T10:24:51.086000Z"
"Dodo","Novitasari","martaka93@yahoo.com","Lorong Laswi No. 65Tangerang, Babel 97722","2018-05-30T22:32:11.520000Z"
"Irnanto","Firgantoro","artanababan@ud.net.id","Gang Sadang Serang No. 582Lubuklinggau, Gorontalo 04575","2018-03-15T13:00:49.756000Z"
"Kasusra","Hastuti","nadinekurniawan@pd.net","Jl. Asia Afrika No. 783Langsa, Sulawesi Barat 65139","2018-11-01T10:50:30.462000Z"
"Balapati","Prayoga","permadioni@yahoo.com","Gang Moch. Ramdan No. 20Sorong, Jateng 08682","2018-01-03T17:57:13.942000Z"
"Raditya","Hidayat","narjiprastuti@ud.org","Jalan BKR No. 87Bitung, Sulbar 96772","2018-11-07T07:52:02.946000Z"
"Lalita","Winarno","mardhiyahumaya@yahoo.com","Gg. Lembong No. 7Sorong, DIY 64244","2018-12-11T05:32:26.524000Z"
"Kardi","Melani","anggraininadia@gmail.com","Lr. Suniaraja No. 414Binjai, Banten 56134","2018-10-29T19:00:03.041000Z"
"Pia","Yolanda","edi91@ud.mil.id","Gg. Pasteur No. 39Sabang, Bali 26220","2018-09-26T00:36:14.165000Z"
"Ina","Nasyidah","aardianto@perum.mil.id","Lorong Laswi No. 433Bandung, Kalut 79859","2018-08-07T02:52:18.930000Z"
"Caket","Astuti","oktavianioskar@cv.edu","Jl. Suniaraja No. 99Balikpapan, Kalimantan Tengah 59540","2018-09-04T22:56:48.269000Z"
"Lasmono","Prayoga","pradanafitria@hotmail.com","Jalan Peta No. 9Semarang, Nusa Tenggara Barat 22976","2018-02-18T00:28:10.734000Z"
"Victoria","Nababan","thamrinprayoga@pd.ac.id","Gg. W.R. Supratman No. 62Padang Sidempuan, Kalimantan Tengah 01583","2018-02-03T17:10:31.945000Z"
"Ayu","Utami","prakosakuswoyo@yahoo.com","Jl. Ciwastra No. 040Bontang, Sulawesi Selatan 20626","2018-10-28T20:00:20.788000Z"
"Mustofa","Pratiwi","nurdiyantilantar@ud.net.id","Lorong Kiaracondong No. 55Parepare, Nusa Tenggara Timur 24853","2018-10-14T13:31:51.762000Z"
"Ajeng","Salahudin","ika96@hotmail.com","Lr. W.R. Supratman No. 684Bukittinggi, Kalimantan Tengah 93217","2018-10-10T00:38:08.873000Z"
"Latika","Damanik","damu86@pd.id","Gg. Gedebage Selatan No. 40Sukabumi, Bengkulu 49992","2018-10-03T18:47:05.140000Z"
"Farhunnisa","Rajata","iyuliarti@pt.or.id","Gg. Sadang Serang No. 986Bandung, Jateng 82381","2018-07-21T03:33:25.701000Z"
"Xanana","Mayasari","yessi97@ud.net","Gang Siliwangi No. 117Bukittinggi, Jambi 12820","2018-07-24T06:55:44.150000Z"
"Nasab","Pratama","napitupuluibrani@pd.net","Lr. Sadang Serang No. 596Payakumbuh, Jawa Barat 23483","2018-03-10T20:30:17.663000Z"
"Jane","Kurniawan","dono69@perum.com","Lr. Pasirkoja No. 3Bukittinggi, Maluku 41870","2018-09-25T06:43:17.605000Z"
"Danuja","Sitorus","winarnodanu@perum.id","Jalan Tubagus Ismail No. 61Samarinda, Babel 41308","2018-07-19T11:23:10.307000Z"
"Vivi","Dabukke","marpaungulya@hotmail.com","Lr. Surapati No. 75Balikpapan, Bengkulu 75804","2018-03-30T07:05:20.307000Z"
"Gamblang","Maheswara","rahmawativicky@ud.web.id","Lorong Antapani Lama No. 5Cirebon, Sumatera Barat 05795","2018-04-05T10:42:06.714000Z"
"Kayla","Suryono","lnasyiah@pd.or.id","Jl. Gegerkalong Hilir No. 363Tanjungpinang, Sulsel 59620","2018-08-17T07:09:21.207000Z"
"Mala","Anggraini","victoria00@gmail.com","Jl. BKR No. 362Palangkaraya, Kepulauan Bangka Belitung 27956","2018-05-25T19:22:51.351000Z"
"Praba","Andriani","sadriansyah@ud.com","Jalan Laswi No. 189Tangerang Selatan, DKI 64163","2018-08-27T21:07:22.938000Z"
"Yuni","Yuniar","qhartati@pt.go.id","Jl. Pasteur No. 761Pariaman, Riau 45487","2018-10-15T03:14:46.280000Z"
"Garan","Wacana","olga89@hotmail.com","Gg. Veteran No. 78Dumai, Nusa Tenggara Timur 13238","2018-10-05T00:13:48.300000Z"
"Nadia","Maheswara","jaya82@hotmail.com","Lorong Raya Ujungberung No. 441Padang Sidempuan, Sulawesi Utara 26564","2018-11-11T06:56:12.581000Z"
